Categoria Infortisa;Categoria Final
Accesorios Escaner;Impresoras & Multifunción
Accesorios Impresora;Impresoras & Multifunción
Accesorios Proyector/Pantalla;Monitores & Pro Displays
Accesorios SAI;SAI & Energía
Accesorios Tablet e iPad;Accesorios & Fundas
Accesorios Telefonia IP;Telefonía & Wearables
Accesorios Television/Monitor;Monitores & Pro Displays
Accesorios Videovigilancia;CCTV & Seguridad
Accesorios Walkie Talkie;Telefonía & Wearables
Accesorios redes WIFI;Redes (SoHo & SMB)
Almacenamiento Armario;Almacenamiento (SSD, HDD, Externo)
Almacenamiento Sobremesa;Almacenamiento (SSD, HDD, Externo)
Altavoces 2.0;Audio (Auriculares, Altavoces, Micrófonos)
Altavoces 2.1;Audio (Auriculares, Altavoces, Micrófonos)
Altavoces Dock y portatil;Audio (Auriculares, Altavoces, Micrófonos)
AMD socket AM4;Componentes PC
AMD socket AM5;Componentes PC
Antivirus empresa;Software & Licencias
Antivirus hogar;Software & Licencias
Armarios Rack y Accesorios;Redes Pro (Switch L2/L3, Transceivers, Racks)
Articulos Especiales;Otros
Asistencia y Soporte Redes;Software & Licencias
Auricular con microfono;Audio (Auriculares, Altavoces, Micrófonos)
Auriculares sin microfono;Audio (Auriculares, Altavoces, Micrófonos)
Baterias;SAI & Energía
Bolsas Transporte;Accesorios & Fundas
Cables Impresora/Escaner;Cables & Adaptadores
Cables y Accesorios;Cables & Adaptadores
Cables y Accesorios PC;Cables & Adaptadores
Cable/Conector Imagen/Sonido;Cables & Adaptadores
Cajon portamonedas;Periféricos (Teclado, Ratón, Webcams)
Cajas Externas/Extraibles HD;Almacenamiento (SSD, HDD, Externo)
Cajas y F.A.;Componentes PC
Camaras IP;CCTV & Seguridad
Camaras inalambricas;CCTV & Seguridad
Camaras web;Periféricos (Teclado, Ratón, Webcams)
Cartuchos tinta compatible;Consumibles
Cartuchos tinta original;Consumibles
Cartuchos tinta reciclado;Consumibles
CD-R/RW;Consumibles
Centralitas IP;Telefonía & Wearables
Componentes;Componentes PC
Conmutador Video y Cables;Redes (SoHo & SMB)
CPU integrada;Componentes PC
Cargador para Portatil;Portátiles & Convertibles
Cargadores;SAI & Energía
Cintas;Consumibles
Destructoras papel;Impresoras & Multifunción
Discos externos;Almacenamiento (SSD, HDD, Externo)
Discos magneticos;Almacenamiento (SSD, HDD, Externo)
Discos solidos;Almacenamiento (SSD, HDD, Externo)
Dispositivos USB;Almacenamiento (SSD, HDD, Externo)
DVD R/RW;Consumibles
Extension Garantia Impresora;Otros
Extension Garantia PC;Otros
Fundas Discos Duros Externos;Accesorios & Fundas
Fundas Plastificar;Consumibles
Fundas y Carcasas para Telefonia;Accesorios & Fundas
Fundas y Carcasas para portatil;Portátiles & Convertibles
Fusor y Arrastre;Consumibles
Fuentes 300..400W;Componentes PC
Fuentes 400..600W;Componentes PC
Fuentes desde 600W;Componentes PC
Fuentes hasta 300W;Componentes PC
Gadgets y expositores;Accesorios & Fundas
GateWay;Redes (SoHo & SMB)
Grabadores digitales;CCTV & Seguridad
Hogar;Hogar Inteligente (IoT)
Impresoras Led;Impresoras & Multifunción
Impresoras gran formato;Impresoras & Multifunción
Impresoras inyeccion;Impresoras & Multifunción
Impresoras laser Color;Impresoras & Multifunción
Impresoras laser monocromo;Impresoras & Multifunción
Impresoras matriciales;Impresoras & Multifunción
Impresoras sublimacion;Impresoras & Multifunción
Impresoras termicas;Impresoras & Multifunción
Inalambricos DECT;Telefonía & Wearables
Intel Socket 1851;Componentes PC
Intel socket 1155;Componentes PC
Intel socket 1200;Componentes PC
Intel socket 1700;Componentes PC
Lapiz USB;Almacenamiento (SSD, HDD, Externo)
Lector tarjetas chip;Periféricos (Teclado, Ratón, Webcams)
Lector tarjetas flash;Periféricos (Teclado, Ratón, Webcams)
Lector tarjetas magneticas;Periféricos (Teclado, Ratón, Webcams)
Lectores billetes;Periféricos (Teclado, Ratón, Webcams)
Lectores codigo barras;Periféricos (Teclado, Ratón, Webcams)
Lectores y Terminales;Periféricos (Teclado, Ratón, Webcams)
Led;AV & Señalización Pro
Licencias;Software & Licencias
Limpieza Monitor;Accesorios & Fundas
Limpieza Ordenador;Accesorios & Fundas
Libros electronicos;Tablets & eReaders
Localizadores GPS;Hogar Inteligente (IoT)
Mandos Juegos Accion Consola;Gaming (PC & Consola)
Marcos y camaras digitales;CCTV & Seguridad
Memorias DDR3;Componentes PC
Memorias DDR4;Componentes PC
Memorias DDR5;Componentes PC
Mesas Gaming;Gaming (PC & Consola)
Meteorologia;Hogar Inteligente (IoT)
Microfonos;Audio (Auriculares, Altavoces, Micrófonos)
Micros AMD AM4;Componentes PC
Micros AMD socket AM5;Componentes PC
Micros Intel FCPGA;Componentes PC
Micros Intel Socket 1200;Componentes PC
Micros Intel Socket 1700;Componentes PC
Micros Intel Socket 1851;Componentes PC
Micros Intel Socket 3647;Componentes PC
Mini PC;Sobremesa & All-in-One
Minitorre y Microtorre;Componentes PC
Modems 3G y analogicos;Redes (SoHo & SMB)
Monitores Led;Monitores & Pro Displays
Moviles;Telefonía & Wearables
Moviles SemiNuevos;Telefonía & Wearables
Moviles Senior;Telefonía & Wearables
Multifuncion Led;Impresoras & Multifunción
Multifuncion inyeccion con fax;Impresoras & Multifunción
Multifuncion inyeccion sin fax;Impresoras & Multifunción
Multifuncion laser con fax;Impresoras & Multifunción
Multifuncion laser sin fax;Impresoras & Multifunción
Papel;Consumibles
Pantallas;Monitores & Pro Displays
Pantallas Interactivas;Monitores & Pro Displays
Patinete Electrico;Otros
PC de sobremesa;Sobremesa & All-in-One
PCI Express DDR3;Componentes PC
PCI Express DDR4;Componentes PC
PCI Express DDR5;Componentes PC
PCI Express DDR6;Componentes PC
PCI Express DDR7;Componentes PC
Pilas y Cargadores;SAI & Energía
Plastificadoras;Impresoras & Multifunción
Portatiles;Portátiles & Convertibles
Powerline;Redes (SoHo & SMB)
Proteccion hardware;SAI & Energía
Proteccion software;Software & Licencias
Proyectores;Monitores & Pro Displays
Puntos de acceso;Redes (SoHo & SMB)
Ratones con cable;Periféricos (Teclado, Ratón, Webcams)
Ratones inalambricos;Periféricos (Teclado, Ratón, Webcams)
Regrabadoras DVD externas;Almacenamiento (SSD, HDD, Externo)
Red cableada;Redes (SoHo & SMB)
Red inalambrica;Redes (SoHo & SMB)
Regletas;SAI & Energía
Refrigeracion;Componentes PC
Refrigeracion para Portatil;Portátiles & Convertibles
Reproductor TV;AV & Señalización Pro
Routers ADSL;Redes (SoHo & SMB)
Routers inalambricos;Redes (SoHo & SMB)
Routers redes con cable;Redes (SoHo & SMB)
SAI interactivo;SAI & Energía
SAI on line;SAI & Energía
Salud y Bienestar;Hogar Inteligente (IoT)
Secure Digital;Almacenamiento (SSD, HDD, Externo)
Semiensamblados;Sobremesa & All-in-One
Semitorre y Miditorre;Componentes PC
Sensores;Hogar Inteligente (IoT)
Servidores Rack;Servidores & Datacenter
Servidores Torre;Servidores & Datacenter
Sillas;Hogar Inteligente (IoT)
Sintonizador radio;Audio (Auriculares, Altavoces, Micrófonos)
Smartwatches;Telefonía & Wearables
Sobremesa;Sobremesa & All-in-One
Soporte/Carcasa para Camaras;Soportes & Montaje
Soportes y Controladoras Gaming;Gaming (PC & Consola)
Switches Industriales;Redes Pro (Switch L2/L3, Transceivers, Racks)
Switches armario;Redes Pro (Switch L2/L3, Transceivers, Racks)
Switches sobremesa;Redes (SoHo & SMB)
Sistemas de 64 bits;Software & Licencias
Software Gestion;Software & Licencias
Software Ofimatica;Software & Licencias
Tablet;Tablets & eReaders
Tabletas;Tablets & eReaders
Tambor/Fotoconductor;Consumibles
Tarjetas Controladoras;Componentes PC
Tarjetas sonido;Componentes PC
Teclado mas raton;Periféricos (Teclado, Ratón, Webcams)
Teclados Inalambricos;Periféricos (Teclado, Ratón, Webcams)
Teclados PS/2;Periféricos (Teclado, Ratón, Webcams)
Teclados USB;Periféricos (Teclado, Ratón, Webcams)
Telefonos Fijos;Telefonía & Wearables
Telefonos IP;Telefonía & Wearables
TFT/Tactil desde 17 pulgadas o mas;Monitores & Pro Displays
Todo en uno;Sobremesa & All-in-One
Toner compatible;Consumibles
Toner original;Consumibles
TPV;Periféricos (Teclado, Ratón, Webcams)
Via satelite;AV & Señalización Pro
Video externo;AV & Señalización Pro
Videoportero;CCTV & Seguridad
Visores para TPV;Periféricos (Teclado, Ratón, Webcams)
Walkie-Talkie;Telefonía & Wearables
"MP3, MP4 y MP5","Audio"
"tft / tactil hasta 15","Monitores & Pro Displays"
"herramientasconectores redes","Cables & Adaptadores"
