Categoria MCR;Categoria Final
Accesorios;Accesorios & Fundas
Accesorios CCTV;CCTV & Seguridad
Accesorios CCTV IP;CCTV & Seguridad
Accesorios de montaje Multipue;Accesorios & Fundas
Accesorios IT;Accesorios & Fundas
Accesorios Monitores;Accesorios & Fundas
Accesorios NAS;NAS & Almacenamiento en Red
Accesorios Portátil;Accesorios & Fundas
Accesorios servidores;Accesorios & Fundas
Accesorios Smartphone/Tablet;Accesorios & Fundas
Accesorios TV / Pantallas / Monitores;Soportes & Montaje
ACCESORIOS VIDEOPORTEROS;Accesorios & Fundas
Accesos Autónomos;CCTV & Seguridad
Alfombrillas;Periféricos (Teclado, Ratón, Webcams)
Alimentación;SAI & Energía
All in one;Sobremesa & All-in-One
Altavoces;Audio (Auriculares, Altavoces, Micrófonos)
Altavoces fijos;Audio (Auriculares, Altavoces, Micrófonos)
Altavoces portátiles;Audio (Auriculares, Altavoces, Micrófonos)
Amplificadores;Audio (Auriculares, Altavoces, Micrófonos)
Armarios de Comunicación;Redes Pro (Switch L2/L3, Transceivers, Racks)
Auriculares;Audio (Auriculares, Altavoces, Micrófonos)
AV Pro;AV & Señalización Pro
AV sobre IP;AV & Señalización Pro
Bocinas;Audio (Auriculares, Altavoces, Micrófonos)
Cableado;Cables & Adaptadores
Cables Alimentación;Cables & Adaptadores
Cables Audio;Cables & Adaptadores
Cables de periféricos;Cables & Adaptadores
Cables de red;Cables & Adaptadores
Cables Monitor;Cables & Adaptadores
Cables SATA;Cables & Adaptadores
Cables USB;Cables & Adaptadores
Cables y Conectores;Cables & Adaptadores
Caja externa HDD;Almacenamiento (SSD, HDD, Externo)
Cajas;Almacenamiento (SSD, HDD, Externo)
Camaras;CCTV & Seguridad
Cámaras CCTV IP;CCTV & Seguridad
Cámaras especiales IP;CCTV & Seguridad
Cámaras video;CCTV & Seguridad
Cámaras videovigilancia;CCTV & Seguridad
Capturadoras de video;AV & Señalización Pro
Cargadores;SAI & Energía
Cartuchos Tinta Impresora;Consumibles
CCTV HD;CCTV & Seguridad
CCTV IP;CCTV & Seguridad
Climatización;Hogar Inteligente (IoT)
Colaboración;Otros
Conectividad de Sala;AV & Señalización Pro
Conectividad de salas;AV & Señalización Pro
Consola DJ;Audio (Auriculares, Altavoces, Micrófonos)
Consumibles;Consumibles
Consumibles Opticos;Consumibles
Controladoras;Componentes PC
Controladoras RAID;Componentes PC
Cuidado Personal;Otros
Disco duro externo;Almacenamiento (SSD, HDD, Externo)
Disco Duro Int Enterprise/NAS;Almacenamiento (SSD, HDD, Externo)
Discos internos HD;Almacenamiento (SSD, HDD, Externo)
Display Táctil;Monitores & Pro Displays
Displays;Monitores & Pro Displays
Distribuidores Amplificadores;Audio (Auriculares, Altavoces, Micrófonos)
Electro Hogar;Hogar Inteligente (IoT)
Electronicas;Otros
Extensores;AV & Señalización Pro
Fijos;CCTV & Seguridad
Firewall;Redes Pro (Switch L2/L3, Transceivers, Racks)
Fuentes de alimentación;SAI & Energía
Fundas Tablet;Accesorios & Fundas
Fundas y maletines;Accesorios & Fundas
Fundas/carcasas Smartphone;Accesorios & Fundas
Gestion de Señal;AV & Señalización Pro
Grabadoras CCTV IP;CCTV & Seguridad
Grabadoras de CD/DVD;Componentes PC
HUB;Periféricos (Teclado, Ratón, Webcams)
Impresora;Impresoras & Multifunción
Lector codigos TPV;Periféricos (Teclado, Ratón, Webcams)
Lectores Acceso Multipuerta;Periféricos (Teclado, Ratón, Webcams)
LED;AV & Señalización Pro
Licencias / Garantáis;Software & Licencias
Limpieza;Accesorios & Fundas
Mandos y volantes;Gaming (PC & Consola)
Matrices;AV & Señalización Pro
Mavic;AV & Señalización Pro
Memoria Flash;Almacenamiento (SSD, HDD, Externo)
Memoria USB;Almacenamiento (SSD, HDD, Externo)
Memorias;Almacenamiento (SSD, HDD, Externo)
Microfonía;Audio (Auriculares, Altavoces, Micrófonos)
Micrófonos;Audio (Auriculares, Altavoces, Micrófonos)
Mini PC / Barebone;Sobremesa & All-in-One
Modulos;Redes Pro (Switch L2/L3, Transceivers, Racks)
Monitores;Monitores & Pro Displays
Monitores Interactivos;Monitores & Pro Displays
Monitores TPV;Monitores & Pro Displays
Móviles / Smartphones;Telefonía & Wearables
Movilidad Urbana;Otros
Multifunción;Impresoras & Multifunción
Multimedia Streaming Broadcast;AV & Señalización Pro
NAS;NAS & Almacenamiento en Red
Ópticos externos;Periféricos (Teclado, Ratón, Webcams)
Otros accesorios;Accesorios & Fundas
Otros Accesorios;Accesorios & Fundas
Otros accesorios Smartphone/Tablet;Accesorios & Fundas
Otros consumibles;Consumibles
PAE;Hogar Inteligente (IoT)
Pantallas LED;AV & Señalización Pro
Papelería;Otros
Placa base;Componentes PC
Placas de Desarrollo;Componentes PC
Players;AV & Señalización Pro
Portátil;Portátiles & Convertibles
Procesadores;Componentes PC
Procesadores Servidor;Componentes PC
Productos Especiales AV;AV & Señalización Pro
Proyectores;AV & Señalización Pro
Puntos de Acceso;Redes (SoHo & SMB)
Radios y despertadores;Audio (Auriculares, Altavoces, Micrófonos)
Ratón;Periféricos (Teclado, Ratón, Webcams)
Realidad Virtual;Gaming (PC & Consola)
Redes;Redes (SoHo & SMB)
Redes - SMB;Redes (SoHo & SMB)
Refrigeración;Componentes PC
Routers;Redes (SoHo & SMB)
SAIs;SAI & Energía
Seguridad;CCTV & Seguridad
Seguridad y Redes;CCTV & Seguridad
Selectores KM & KVM;Periféricos (Teclado, Ratón, Webcams)
Selectores y Matrices;AV & Señalización Pro
Servidores;Servidores & Datacenter
Sillas PC / Gaming;Gaming (PC & Consola)
SISTEMA IP;CCTV & Seguridad
Sistemas;Otros
Sistemas de Cobro;Periféricos (Teclado, Ratón, Webcams)
Sistemas de Control;AV & Señalización Pro
Sistemas operativos;Software & Licencias
Smart Home;Hogar Inteligente (IoT)
Sobremesa;Sobremesa & All-in-One
Soportes;Soportes & Montaje
SSD;Almacenamiento (SSD, HDD, Externo)
SSD Enterprise/NAS;NAS & Almacenamiento en Red
Streaming - audio y video;AV & Señalización Pro
Switch;Redes (SoHo & SMB)
Tablet;Tablets & eReaders
Tarjeta de red;Periféricos (Teclado, Ratón, Webcams)
Tarjetas de audio;Periféricos (Teclado, Ratón, Webcams)
Tarjetas gráficas;Componentes PC
TDT / Satélite;AV & Señalización Pro
Teclado;Periféricos (Teclado, Ratón, Webcams)
Toners Impresora;Consumibles
TV;Monitores & Pro Displays
Videoconferencia;Videoconferencia
Videoconsolas;Gaming (PC & Consola)
Walkies;Telefonía & Wearables
WEARABLES;Telefonía & Wearables
Webcams;Periféricos (Teclado, Ratón, Webcams)
